input_id,link,title,category,address,open_hours,popular_times,website,phone,plus_code,review_count,review_rating,reviews_per_rating,latitude,longitude,cid,status,descriptions,reviews_link,thumbnail,timezone,price_range,data_id,place_id,images,reservations,order_online,menu,owner,complete_address,about,user_reviews,user_reviews_extended,emails
737fc637-3e3f-49f2-b5f0-bb7745e4d274,https://www.google.com/maps/place/cancer+medicine+supplier/data=!4m7!3m6!1s0x39eb1900a8e094f3:0xad1d63bd084fdba0!8m2!3d27.687749!4d85.337747!16s%2Fg%2F11gmf924l5!19sChIJ85TgqAAZ6zkRoNtPCL1jHa0?authuser=0&hl=en&rclk=1,cancer medicine supplier,Pharmacy,Kathmandu 44600,"{""Friday"":[""Open 24 hours""],""Monday"":[""Open 24 hours""],""Saturday"":[""Open 24 hours""],""Sunday"":[""Open 24 hours""],""Thursday"":[""Open 24 hours""],""Tuesday"":[""Open 24 hours""],""Wednesday"":[""Open 24 hours""]}","{""Friday"":{""0"":46,""1"":38,""10"":38,""11"":30,""12"":53,""13"":53,""14"":76,""15"":61,""16"":61,""17"":38,""18"":15,""19"":7,""2"":23,""20"":7,""21"":0,""22"":15,""23"":30,""3"":23,""4"":30,""5"":23,""6"":30,""7"":69,""8"":53,""9"":53},""Monday"":{""0"":38,""1"":61,""10"":53,""11"":53,""12"":61,""13"":69,""14"":53,""15"":38,""16"":30,""17"":46,""18"":46,""19"":38,""2"":69,""20"":53,""21"":46,""22"":46,""23"":46,""3"":69,""4"":53,""5"":46,""6"":53,""7"":53,""8"":53,""9"":46},""Saturday"":{""0"":30,""1"":69,""10"":61,""11"":61,""12"":61,""13"":53,""14"":30,""15"":30,""16"":23,""17"":23,""18"":53,""19"":69,""2"":100,""20"":53,""21"":30,""22"":23,""23"":15,""3"":92,""4"":61,""5"":38,""6"":7,""7"":15,""8"":23,""9"":30},""Sunday"":{""0"":38,""1"":61,""10"":46,""11"":46,""12"":46,""13"":92,""14"":61,""15"":30,""16"":23,""17"":46,""18"":69,""19"":30,""2"":92,""20"":15,""21"":7,""22"":23,""23"":30,""3"":92,""4"":46,""5"":15,""6"":0,""7"":15,""8"":38,""9"":53},""Thursday"":{""0"":30,""1"":38,""10"":53,""11"":53,""12"":30,""13"":38,""14"":38,""15"":46,""16"":30,""17"":53,""18"":61,""19"":69,""2"":53,""20"":46,""21"":38,""22"":15,""23"":23,""3"":46,""4"":38,""5"":30,""6"":61,""7"":46,""8"":46,""9"":38},""Tuesday"":{""0"":15,""1"":0,""10"":46,""11"":46,""12"":61,""13"":46,""14"":30,""15"":38,""16"":46,""17"":69,""18"":53,""19"":61,""2"":7,""20"":38,""21"":53,""22"":53,""23"":46,""3"":15,""4"":30,""5"":23,""6"":30,""7"":53,""8"":69,""9"":53},""Wednesday"":{""0"":30,""1"":30,""10"":7,""11"":7,""12"":30,""13"":76,""14"":92,""15"":100,""16"":100,""17"":100,""18"":84,""19"":38,""2"":30,""20"":38,""21"":38,""22"":46,""23"":23,""3"":23,""4"":30,""5"":38,""6"":38,""7"":38,""8"":30,""9"":23}}",,980-4867274,M8QQ+33 Kathmandu,1,2.000000,"{""1"":0,""2"":1,""3"":0,""4"":0,""5"":0}",27.687749,85.337747,12474236206425562016,,,https://search.google.com/local/reviews?placeid=ChIJ85TgqAAZ6zkRoNtPCL1jHa0&q=cancer+medicine+supplier&authuser=0&hl=en&gl=NP,https://streetviewpixels-pa.googleapis.com/v1/thumbnail?panoid=mxdPE1WXj8P1NiXE5Mk0nw&cb_client=search.gws-prod.gps&w=408&h=240&yaw=187.52713&pitch=0&thumbfov=100,Asia/Katmandu,,0x39eb1900a8e094f3:0xad1d63bd084fdba0,ChIJ85TgqAAZ6zkRoNtPCL1jHa0,"[{""title"":""All"",""image"":""https://streetviewpixels-pa.googleapis.com/v1/thumbnail?panoid=mxdPE1WXj8P1NiXE5Mk0nw\u0026cb_client=maps_sv.tactile.gps\u0026w=224\u0026h=298\u0026yaw=187.52713\u0026pitch=0\u0026thumbfov=100""},{""title"":""Street View \u0026 360¬∞"",""image"":""https://streetviewpixels-pa.googleapis.com/v1/thumbnail?panoid=mxdPE1WXj8P1NiXE5Mk0nw\u0026cb_client=maps_sv.tactile.gps\u0026w=224\u0026h=298\u0026yaw=187.52713\u0026pitch=0\u0026thumbfov=100""}]",null,null,"{""link"":"""",""source"":""""}","{""id"":""106402564816946991800"",""name"":""cancer medicine supplier (Owner)"",""link"":""https://www.google.com/maps/contrib/106402564816946991800""}","{""borough"":""New Baneshwor"",""street"":"""",""city"":""Kathmandu"",""postal_code"":"""",""state"":"""",""country"":""NP""}",null,"[{""Name"":""M.r Shyam sijali"",""ProfilePicture"":""https://lh3.googleusercontent.com/a-/ALV-UjWrI-JOQhkMeDuQ0oxO6tJOtdNsqZTMhbB3L5blSXgQGoH60OUD=s120-c-rp-mo-br100"",""Rating"":2,""Description"":"""",""Images"":null,""When"":""""}]",null,
737fc637-3e3f-49f2-b5f0-bb7745e4d274,https://www.google.com/maps/place/Subhadev+Pharmacy/data=!4m7!3m6!1s0x39eb19001cd9edd7:0x74ff2d831f14bcdb!8m2!3d27.6674956!4d85.3059858!16s%2Fg%2F11yrwt77cr!19sChIJ1-3ZHAAZ6zkR27wUH4Mt_3Q?authuser=0&hl=en&rclk=1,Subhadev Pharmacy,Pharmacy,"M884+X9X Subhadev Pharmacy, Bagdol Rd, Lalitpur 44600","{""Friday"":[""7‚ÄØAM‚Äì10:30‚ÄØPM""],""Monday"":[""7‚ÄØAM‚Äì10:30‚ÄØPM""],""Saturday"":[""7‚ÄØAM‚Äì10:30‚ÄØPM""],""Sunday"":[""7‚ÄØAM‚Äì10:30‚ÄØPM""],""Thursday"":[""7‚ÄØAM‚Äì10:30‚ÄØPM""],""Tuesday"":[""7‚ÄØAM‚Äì10:30‚ÄØPM""],""Wednesday"":[""7‚ÄØAM‚Äì10:30‚ÄØPM""]}",{},,984-1304750,,2,5.000000,"{""1"":0,""2"":0,""3"":0,""4"":0,""5"":2}",27.667496,85.305986,8430507068646276315,,,https://search.google.com/local/reviews?placeid=ChIJ1-3ZHAAZ6zkR27wUH4Mt_3Q&q=Subhadev+Pharmacy&authuser=0&hl=en&gl=NP,https://lh3.googleusercontent.com/gps-cs-s/AG0ilSyxHHkFK0AINoL66H4bvNzBCYc_neRT1d1dMcAbQm-794VAL-ygd2RO8louOKoY5-gcQ0Z76WO1F7fy-5mCZ9zodQUMZtOlkWycMA9zI4Urbz3GSvYRGzKSqDcSgW6LKj4biK1O6ZI2f6P6=w408-h544-k-no,Asia/Katmandu,,0x39eb19001cd9edd7:0x74ff2d831f14bcdb,ChIJ1-3ZHAAZ6zkR27wUH4Mt_3Q,"[{""title"":""All"",""image"":""https://lh3.googleusercontent.com/gps-cs-s/AG0ilSyxHHkFK0AINoL66H4bvNzBCYc_neRT1d1dMcAbQm-794VAL-ygd2RO8louOKoY5-gcQ0Z76WO1F7fy-5mCZ9zodQUMZtOlkWycMA9zI4Urbz3GSvYRGzKSqDcSgW6LKj4biK1O6ZI2f6P6=w224-h298-k-no""}]",null,null,"{""link"":"""",""source"":""""}","{""id"":"""",""name"":""Subhadev Pharmacy (Owner)"",""link"":""""}","{""borough"":""Nakhkhu"",""street"":""M884+X9X, Bagdol Rd"",""city"":""Lalitpur"",""postal_code"":""44600"",""state"":"""",""country"":""NP""}",null,"[{""Name"":""Kakulti Mahato"",""ProfilePicture"":""https://lh3.googleusercontent.com/a/ACg8ocIjpAj6nJPetfPTtMdV9gzmLUh1k62NAyM6_Dh_mis0tLlm-Q=s120-c-rp-mo-br100"",""Rating"":5,""Description"":"""",""Images"":null,""When"":""""},{""Name"":""Subham Mahato"",""ProfilePicture"":""https://lh3.googleusercontent.com/a-/ALV-UjUhXyG1NTRdg0wqvwZO0tU2p0Q3DnvEEHE6_SiRvRWeIGqYpjfa=s120-c-rp-mo-br100"",""Rating"":5,""Description"":"""",""Images"":null,""When"":""""}]",null,
737fc637-3e3f-49f2-b5f0-bb7745e4d274,https://www.google.com/maps/place/Sunaulo+Pharmacy/data=!4m7!3m6!1s0x39eb19000903093d:0xd8646b1448d095d6!8m2!3d27.6768759!4d85.3191795!16s%2Fg%2F11vxlsy3bt!19sChIJPQkDCQAZ6zkR1pXQSBRrZNg?authuser=0&hl=en&rclk=1,Sunaulo Pharmacy,Pharmacy,"M8G9+QMJ Sunaulo Pharmacy, Lalitpur 44700","{""Friday"":[""7‚ÄØAM‚Äì9‚ÄØPM""],""Monday"":[""7‚ÄØAM‚Äì9‚ÄØPM""],""Saturday"":[""7‚ÄØAM‚Äì9‚ÄØPM""],""Sunday"":[""7‚ÄØAM‚Äì9‚ÄØPM""],""Thursday"":[""7‚ÄØAM‚Äì9‚ÄØPM""],""Tuesday"":[""7‚ÄØAM‚Äì9‚ÄØPM""],""Wednesday"":[""7‚ÄØAM‚Äì9‚ÄØPM""]}","{""Friday"":{""10"":30,""11"":23,""12"":30,""13"":46,""14"":61,""15"":53,""16"":61,""17"":69,""18"":53,""19"":23,""20"":23,""21"":0,""22"":0,""23"":0,""6"":0,""7"":7,""8"":23,""9"":23},""Monday"":{""10"":46,""11"":61,""12"":92,""13"":76,""14"":61,""15"":61,""16"":69,""17"":100,""18"":69,""19"":61,""20"":30,""21"":0,""22"":0,""23"":0,""6"":0,""7"":30,""8"":46,""9"":53},""Saturday"":{""10"":76,""11"":84,""12"":84,""13"":76,""14"":46,""15"":30,""16"":7,""17"":15,""18"":30,""19"":46,""20"":46,""21"":0,""22"":0,""23"":0,""6"":0,""7"":84,""8"":84,""9"":53},""Sunday"":{""10"":61,""11"":53,""12"":30,""13"":15,""14"":30,""15"":46,""16"":46,""17"":46,""18"":30,""19"":15,""20"":23,""21"":0,""22"":0,""23"":0,""6"":0,""7"":30,""8"":38,""9"":46},""Thursday"":{""10"":61,""11"":53,""12"":61,""13"":38,""14"":30,""15"":15,""16"":23,""17"":53,""18"":46,""19"":69,""20"":76,""21"":0,""22"":0,""23"":0,""6"":0,""7"":38,""8"":53,""9"":46},""Tuesday"":{""10"":30,""11"":38,""12"":23,""13"":30,""14"":46,""15"":53,""16"":61,""17"":69,""18"":84,""19"":76,""20"":53,""21"":0,""22"":0,""23"":0,""6"":0,""7"":15,""8"":38,""9"":23},""Wednesday"":{""10"":30,""11"":30,""12"":30,""13"":30,""14"":15,""15"":23,""16"":46,""17"":46,""18"":38,""19"":30,""20"":53,""21"":0,""22"":0,""23"":0,""6"":0,""7"":53,""8"":46,""9"":38}}",,984-1190364,,2,4.500000,"{""1"":0,""2"":0,""3"":0,""4"":1,""5"":1}",27.676876,85.319179,15592705544728647126,,,https://search.google.com/local/reviews?placeid=ChIJPQkDCQAZ6zkR1pXQSBRrZNg&q=Sunaulo+Pharmacy&authuser=0&hl=en&gl=NP,https://lh3.googleusercontent.com/gps-cs-s/AG0ilSyfdGEUFFmC4PPPkCfk_9EIcfJMLsWm126YMLBOLPb2Kha_VjZgYjQPUusydYC4VPNH2_LQAxTTlwgfXbZV0bgGi8KKPAiN9DGJ1InAoFL5TVUqp933_JOn3LrQWjZU44Lt3E_R=w408-h541-k-no,Asia/Katmandu,,0x39eb19000903093d:0xd8646b1448d095d6,ChIJPQkDCQAZ6zkR1pXQSBRrZNg,"[{""title"":""All"",""image"":""https://lh3.googleusercontent.com/gps-cs-s/AG0ilSyfdGEUFFmC4PPPkCfk_9EIcfJMLsWm126YMLBOLPb2Kha_VjZgYjQPUusydYC4VPNH2_LQAxTTlwgfXbZV0bgGi8KKPAiN9DGJ1InAoFL5TVUqp933_JOn3LrQWjZU44Lt3E_R=w224-h298-k-no""}]",null,null,"{""link"":"""",""source"":""""}","{""id"":"""",""name"":""Sunaulo Pharmacy (Owner)"",""link"":""""}","{""borough"":""Patan Dhoka"",""street"":""M8G9+QMJ"",""city"":""Lalitpur"",""postal_code"":""44700"",""state"":"""",""country"":""NP""}",null,"[{""Name"":""Prashanna Maharjan"",""ProfilePicture"":""https://lh3.googleusercontent.com/a-/ALV-UjVHLkzGa6yGNUjhEd9mtIyGwxmEXCOhqBIC4geY6zNrXXPlz8Hy=s120-c-rp-mo-ba3-br100"",""Rating"":5,""Description"":""Sunaulo Pharmacy has established itself as a reliable community pharmacy. Patients appreciate their friendly and knowledgeable pharmacists. It provides quality care to its community, and patients trust their service."",""Images"":null,""When"":""""},{""Name"":""Sagar Chaudhary"",""ProfilePicture"":""https://lh3.googleusercontent.com/a-/ALV-UjUrrGGdqce4ZvFGVyHMEnGvtaajetEDv9xtB7TtcOb3FdgNd4qr=s120-c-rp-mo-ba3-br100"",""Rating"":4,""Description"":""Staffs are well mannered and polite."",""Images"":null,""When"":""""}]",null,
737fc637-3e3f-49f2-b5f0-bb7745e4d274,https://www.google.com/maps/place/Public+Nepal+Pharmacy+Pvt.+Ltd./data=!4m7!3m6!1s0x39eb190065593211:0x1e7f39c4c481aa1a!8m2!3d27.6602546!4d85.3192087!16s%2Fg%2F11ypctcd4q!19sChIJETJZZQAZ6zkRGqqBxMQ5fx4?authuser=0&hl=en&rclk=1,Public Nepal Pharmacy Pvt. Ltd.,Pharmacy,"Ring Rd, Lalitpur 44700","{""Friday"":[""8‚ÄØAM‚Äì8‚ÄØPM""],""Monday"":[""8‚ÄØAM‚Äì8‚ÄØPM""],""Saturday"":[""10‚ÄØAM‚Äì4‚ÄØPM""],""Sunday"":[""8‚ÄØAM‚Äì8‚ÄØPM""],""Thursday"":[""8‚ÄØAM‚Äì8‚ÄØPM""],""Tuesday"":[""8‚ÄØAM‚Äì8‚ÄØPM""],""Wednesday"":[""8‚ÄØAM‚Äì8‚ÄØPM""]}",{},,01-5403008,M869+4M Lalitpur,3,5.000000,"{""1"":0,""2"":0,""3"":0,""4"":0,""5"":3}",27.660255,85.319209,2197538660453296666,,,https://search.google.com/local/reviews?placeid=ChIJETJZZQAZ6zkRGqqBxMQ5fx4&q=Public+Nepal+Pharmacy+Pvt.+Ltd.&authuser=0&hl=en&gl=NP,https://streetviewpixels-pa.googleapis.com/v1/thumbnail?panoid=v562LUVVr7vx21TiWtQu6w&cb_client=search.gws-prod.gps&w=408&h=240&yaw=166.64778&pitch=0&thumbfov=100,Asia/Katmandu,,0x39eb190065593211:0x1e7f39c4c481aa1a,ChIJETJZZQAZ6zkRGqqBxMQ5fx4,"[{""title"":""All"",""image"":""https://streetviewpixels-pa.googleapis.com/v1/thumbnail?panoid=v562LUVVr7vx21TiWtQu6w\u0026cb_client=maps_sv.tactile.gps\u0026w=224\u0026h=298\u0026yaw=166.64778\u0026pitch=0\u0026thumbfov=100""},{""title"":""By owner"",""image"":""https://lh3.googleusercontent.com/p/AF1QipMjhD1B5nl630anEEd_hAt0xIrZjQMjMsrcchru=w298-h298-k-no""},{""title"":""Street View \u0026 360¬∞"",""image"":""https://streetviewpixels-pa.googleapis.com/v1/thumbnail?panoid=v562LUVVr7vx21TiWtQu6w\u0026cb_client=maps_sv.tactile.gps\u0026w=224\u0026h=298\u0026yaw=166.64778\u0026pitch=0\u0026thumbfov=100""}]",null,null,"{""link"":"""",""source"":""""}","{""id"":""109904517789935605597"",""name"":""Public Nepal Pharmacy Pvt. Ltd. (Owner)"",""link"":""https://www.google.com/maps/contrib/109904517789935605597""}","{""borough"":""Kusunti"",""street"":""Ring Rd"",""city"":""Lalitpur"",""postal_code"":"""",""state"":"""",""country"":""NP""}",null,"[{""Name"":""Legend FF"",""ProfilePicture"":""https://lh3.googleusercontent.com/a/ACg8ocItAulHTq_WXbCiRDyydEWtQWFCvb3b6vUAPPj5Gc0uwsnZhQ=s120-c-rp-mo-br100"",""Rating"":5,""Description"":""I always take Good medicine with good quality from this pharmacy.üíñ"",""Images"":null,""When"":""""},{""Name"":""Bir Mahara"",""ProfilePicture"":""https://lh3.googleusercontent.com/a/ACg8ocLyZfu-4ubVsCVh9CCT4obUkZGpMQ7mX9nVsM5-1pQ4TNdtRg=s120-c-rp-mo-br100"",""Rating"":5,""Description"":""One of the best medication services with affortable price. Best health care center.üòä"",""Images"":null,""When"":""""},{""Name"":""Kazi Store"",""ProfilePicture"":""https://lh3.googleusercontent.com/a/ACg8ocIaZT9vRyC1Gt96mt_L5uCcDkgxfEhOkIUDP5yZ3DPm3l-uTQ=s120-c-rp-mo-br100"",""Rating"":5,""Description"":""Best Medicine Shop that I ever meet."",""Images"":null,""When"":""""}]",null,
737fc637-3e3f-49f2-b5f0-bb7745e4d274,https://www.google.com/maps/place/V.S+Pharma/data=!4m7!3m6!1s0x39eb182d88971193:0xc18f75fbecbda9bc!8m2!3d27.6698416!4d85.3104961!16s%2Fg%2F11dxkx_15k!19sChIJkxGXiC0Y6zkRvKm97Pt1j8E?authuser=0&hl=en&rclk=1,V.S Pharma,Pharmacy,"Ekantakuna Rd, Lalitpur 44600","{""Friday"":[""8‚ÄØAM‚Äì8‚ÄØPM""],""Monday"":[""8‚ÄØAM‚Äì8‚ÄØPM""],""Saturday"":[""8‚ÄØAM‚Äì8‚ÄØPM""],""Sunday"":[""8‚ÄØAM‚Äì8‚ÄØPM""],""Thursday"":[""8‚ÄØAM‚Äì8‚ÄØPM""],""Tuesday"":[""8‚ÄØAM‚Äì8‚ÄØPM""],""Wednesday"":[""8‚ÄØAM‚Äì8‚ÄØPM""]}","{""Friday"":{""10"":84,""11"":69,""12"":69,""13"":53,""14"":38,""15"":46,""16"":23,""17"":15,""18"":15,""19"":23,""20"":0,""21"":0,""22"":0,""23"":0,""6"":0,""7"":0,""8"":53,""9"":76},""Monday"":{""10"":30,""11"":30,""12"":69,""13"":100,""14"":100,""15"":53,""16"":23,""17"":23,""18"":46,""19"":53,""20"":0,""21"":0,""22"":0,""23"":0,""6"":0,""7"":0,""8"":15,""9"":30},""Saturday"":{""10"":53,""11"":38,""12"":46,""13"":30,""14"":46,""15"":61,""16"":46,""17"":61,""18"":38,""19"":69,""20"":0,""21"":0,""22"":0,""23"":0,""6"":0,""7"":0,""8"":53,""9"":53},""Sunday"":{""10"":38,""11"":23,""12"":38,""13"":23,""14"":15,""15"":0,""16"":7,""17"":0,""18"":7,""19"":0,""20"":0,""21"":0,""22"":0,""23"":0,""6"":0,""7"":0,""8"":53,""9"":23},""Thursday"":{""10"":15,""11"":7,""12"":23,""13"":30,""14"":23,""15"":23,""16"":38,""17"":76,""18"":76,""19"":69,""20"":0,""21"":0,""22"":0,""23"":0,""6"":0,""7"":0,""8"":46,""9"":38},""Tuesday"":{""10"":61,""11"":53,""12"":30,""13"":7,""14"":0,""15"":7,""16"":15,""17"":30,""18"":38,""19"":61,""20"":0,""21"":0,""22"":0,""23"":0,""6"":0,""7"":0,""8"":53,""9"":46},""Wednesday"":{""10"":76,""11"":53,""12"":69,""13"":46,""14"":30,""15"":30,""16"":53,""17"":46,""18"":38,""19"":46,""20"":0,""21"":0,""22"":0,""23"":0,""6"":0,""7"":0,""8"":69,""9"":76}}",,984-3264877,M896+W5 Lalitpur,2,5.000000,"{""1"":0,""2"":0,""3"":0,""4"":0,""5"":2}",27.669842,85.310496,13947496295858809276,,,https://search.google.com/local/reviews?placeid=ChIJkxGXiC0Y6zkRvKm97Pt1j8E&q=V.S+Pharma&authuser=0&hl=en&gl=NP,https://lh3.googleusercontent.com/gps-cs-s/AG0ilSzhqCLTvJ7u79nC1lM9dpoYYPpZhz6V-yBDz6AGDxzkNzIg9X9VLGvD6RgwgtpIpbZ4gWANxe4Juvhd9E8k--AXlCrjkOMGCP3fOV6NXNm8wji0KvPdpQUcqGuV6nAaYWhMug=w408-h306-k-no,Asia/Katmandu,,0x39eb182d88971193:0xc18f75fbecbda9bc,ChIJkxGXiC0Y6zkRvKm97Pt1j8E,"[{""title"":""All"",""image"":""https://lh3.googleusercontent.com/gps-cs-s/AG0ilSzhqCLTvJ7u79nC1lM9dpoYYPpZhz6V-yBDz6AGDxzkNzIg9X9VLGvD6RgwgtpIpbZ4gWANxe4Juvhd9E8k--AXlCrjkOMGCP3fOV6NXNm8wji0KvPdpQUcqGuV6nAaYWhMug=w397-h298-k-no""},{""title"":""Street View \u0026 360¬∞"",""image"":""https://streetviewpixels-pa.googleapis.com/v1/thumbnail?panoid=Tu7Zjrpk7OsEkh31L903uQ\u0026cb_client=maps_sv.tactile.gps\u0026w=224\u0026h=298\u0026yaw=337.32297\u0026pitch=0\u0026thumbfov=100""}]",null,null,"{""link"":"""",""source"":""""}","{""id"":""107963818991258114783"",""name"":""V.S Pharma (Owner)"",""link"":""https://www.google.com/maps/contrib/107963818991258114783""}","{""borough"":""Ekantakuna"",""street"":""Ekantakuna Rd"",""city"":""Lalitpur"",""postal_code"":""44600"",""state"":"""",""country"":""NP""}",null,"[{""Name"":""Urusha Karmacharya"",""ProfilePicture"":""https://lh3.googleusercontent.com/a/ACg8ocJCV8dsv0wM-bscynbYReUMi9scrThCq536aD6wdtUqU_h-5aE=s120-c-rp-mo-ba5-br100"",""Rating"":5,""Description"":""One of the oldest local pharmacy in this area, V.S pharma has a very easy to talk to and nicest pharmacist.\nIt is opened 7 am -9pm seven days a week, and almost all days in a year."",""Images"":[""www.google.com/local/imagery/report/?cb_client=maps_sv.tactile\u0026image_key=!1e10!2sCIHM0ogKEICAgICs6MqozAE\u0026fid=0x0:0xc18f75fbecbda9bc""],""When"":""2020-1-20""},{""Name"":""Binod Shrestha"",""ProfilePicture"":""https://lh3.googleusercontent.com/a/ACg8ocIOEOiTKi0fqINoHtrQ5mya98tD4aAvCenDXpASjOV3BkjUwA=s120-c-rp-mo-br100"",""Rating"":5,""Description"":"""",""Images"":null,""When"":""""}]",null,
737fc637-3e3f-49f2-b5f0-bb7745e4d274,https://www.google.com/maps/place/TeraCare+Pharmacy/data=!4m7!3m6!1s0x39eb190012d9ad0f:0x8f1b9ad7e6dcdb56!8m2!3d27.687681!4d85.3405142!16s%2Fg%2F11y2lr8j1f!19sChIJD63ZEgAZ6zkRVtvc5teaG48?authuser=0&hl=en&rclk=1,TeraCare Pharmacy,Pharmacy,"M8QR+36C TeraCare Pharmacy, Minbhawan Marg, Kathmandu 44600","{""Friday"":[""7‚ÄØAM‚Äì8‚ÄØPM""],""Monday"":[""7‚ÄØAM‚Äì8‚ÄØPM""],""Saturday"":[""7‚ÄØAM‚Äì8‚ÄØPM""],""Sunday"":[""7‚ÄØAM‚Äì8‚ÄØPM""],""Thursday"":[""7‚ÄØAM‚Äì8‚ÄØPM""],""Tuesday"":[""7‚ÄØAM‚Äì8‚ÄØPM""],""Wednesday"":[""7‚ÄØAM‚Äì8‚ÄØPM""]}","{""Friday"":{""10"":56,""11"":75,""12"":62,""13"":50,""14"":56,""15"":37,""16"":50,""17"":43,""18"":43,""19"":31,""20"":0,""21"":0,""22"":0,""23"":0,""6"":0,""7"":43,""8"":31,""9"":50},""Monday"":{""10"":25,""11"":25,""12"":18,""13"":31,""14"":56,""15"":68,""16"":100,""17"":75,""18"":56,""19"":31,""20"":0,""21"":0,""22"":0,""23"":0,""6"":0,""7"":50,""8"":25,""9"":25},""Saturday"":{""10"":31,""11"":43,""12"":37,""13"":37,""14"":25,""15"":43,""16"":31,""17"":37,""18"":18,""19"":12,""20"":0,""21"":0,""22"":0,""23"":0,""6"":0,""7"":6,""8"":6,""9"":18},""Sunday"":{""10"":31,""11"":18,""12"":25,""13"":37,""14"":56,""15"":50,""16"":37,""17"":31,""18"":50,""19"":62,""20"":0,""21"":0,""22"":0,""23"":0,""6"":0,""7"":43,""8"":31,""9"":18},""Thursday"":{""10"":37,""11"":31,""12"":12,""13"":18,""14"":37,""15"":43,""16"":56,""17"":43,""18"":18,""19"":6,""20"":0,""21"":0,""22"":0,""23"":0,""6"":0,""7"":25,""8"":31,""9"":43},""Tuesday"":{""10"":50,""11"":31,""12"":25,""13"":37,""14"":50,""15"":31,""16"":18,""17"":6,""18"":12,""19"":31,""20"":0,""21"":0,""22"":0,""23"":0,""6"":0,""7"":56,""8"":75,""9"":50},""Wednesday"":{""10"":50,""11"":43,""12"":18,""13"":31,""14"":37,""15"":50,""16"":75,""17"":68,""18"":62,""19"":43,""20"":0,""21"":0,""22"":0,""23"":0,""6"":0,""7"":25,""8"":25,""9"":62}}",,,,1,5.000000,"{""1"":0,""2"":0,""3"":0,""4"":0,""5"":1}",27.687681,85.340514,10312006023876762454,,,https://search.google.com/local/reviews?placeid=ChIJD63ZEgAZ6zkRVtvc5teaG48&q=TeraCare+Pharmacy&authuser=0&hl=en&gl=NP,https://lh3.googleusercontent.com/gps-cs-s/AG0ilSwo-aP1eU1r4jBj-aeXkIj8gPNgBDXs5Pjx3VUGJwxVJNHWQdmw-JuFv4GWp1jkee-t3gbsZvqtmhIEr1uJ0nCqUVJMxTvcTD_umSG9hILlkjssD7tOQbEmi-UfFKR1AMo-HS8x=w408-h382-k-no,Asia/Katmandu,,0x39eb190012d9ad0f:0x8f1b9ad7e6dcdb56,ChIJD63ZEgAZ6zkRVtvc5teaG48,"[{""title"":""All"",""image"":""https://lh3.googleusercontent.com/gps-cs-s/AG0ilSwo-aP1eU1r4jBj-aeXkIj8gPNgBDXs5Pjx3VUGJwxVJNHWQdmw-JuFv4GWp1jkee-t3gbsZvqtmhIEr1uJ0nCqUVJMxTvcTD_umSG9hILlkjssD7tOQbEmi-UfFKR1AMo-HS8x=w317-h298-k-no""},{""title"":""Street View \u0026 360¬∞"",""image"":""https://streetviewpixels-pa.googleapis.com/v1/thumbnail?panoid=fMmjobHImxWQK_U29-Dg1A\u0026cb_client=maps_sv.tactile.gps\u0026w=224\u0026h=298\u0026yaw=29.29762\u0026pitch=0\u0026thumbfov=100""}]",null,null,"{""link"":"""",""source"":""""}","{""id"":"""",""name"":""TeraCare Pharmacy (Owner)"",""link"":""""}","{""borough"":""New Baneshwor"",""street"":""M8QR+36C, Minbhawan Marg"",""city"":""Kathmandu"",""postal_code"":""44600"",""state"":"""",""country"":""NP""}","[{""id"":""planning"",""name"":""Planning"",""options"":[{""name"":""Quick visit"",""enabled"":true}]}]","[{""Name"":""poonam pant"",""ProfilePicture"":""https://lh3.googleusercontent.com/a-/ALV-UjVTwNQcYrrZCcbSv5IXj26MfAgorLRW5YJAsIK1Eyzxr2yVjCHZ=s120-c-rp-mo-br100"",""Rating"":5,""Description"":"""",""Images"":null,""When"":""""}]",null,
737fc637-3e3f-49f2-b5f0-bb7745e4d274,https://www.google.com/maps/place/SUDHAN+PHARMA/data=!4m7!3m6!1s0x39eb199183cf45b7:0xcbe02ff3664c0fe1!8m2!3d27.6890209!4d85.3422929!16s%2Fg%2F11b6gq6ls3!19sChIJt0XPg5EZ6zkR4Q9MZvMv4Ms?authuser=0&hl=en&rclk=1,SUDHAN PHARMA,Pharmacy,"‡§Æ‡§ø‡§®‡§≠‡§µ‡§® ‡•©‡•™, ‡§≠‡§ø‡§Æ‡§∏‡•á‡§®‡§ó‡•ã‡§≤‡§æ ‡§Æ‡§æ‡§∞‡•ç‡§ó, 44600","{""Friday"":[""7‚ÄØAM‚Äì9‚ÄØPM""],""Monday"":[""7‚ÄØAM‚Äì9‚ÄØPM""],""Saturday"":[""7‚ÄØAM‚Äì9‚ÄØPM""],""Sunday"":[""7‚ÄØAM‚Äì9‚ÄØPM""],""Thursday"":[""7‚ÄØAM‚Äì9‚ÄØPM""],""Tuesday"":[""7‚ÄØAM‚Äì9‚ÄØPM""],""Wednesday"":[""7‚ÄØAM‚Äì9‚ÄØPM""]}","{""Friday"":{""10"":29,""11"":41,""12"":58,""13"":70,""14"":64,""15"":29,""16"":29,""17"":47,""18"":41,""19"":23,""20"":17,""21"":0,""22"":0,""23"":0,""6"":0,""7"":29,""8"":29,""9"":23},""Monday"":{""10"":23,""11"":41,""12"":35,""13"":23,""14"":11,""15"":11,""16"":47,""17"":64,""18"":82,""19"":64,""20"":47,""21"":0,""22"":0,""23"":0,""6"":0,""7"":23,""8"":11,""9"":11},""Saturday"":{""10"":100,""11"":64,""12"":35,""13"":23,""14"":35,""15"":64,""16"":76,""17"":70,""18"":58,""19"":35,""20"":29,""21"":0,""22"":0,""23"":0,""6"":0,""7"":11,""8"":29,""9"":64},""Sunday"":{""10"":47,""11"":29,""12"":35,""13"":23,""14"":35,""15"":29,""16"":23,""17"":35,""18"":35,""19"":47,""20"":47,""21"":0,""22"":0,""23"":0,""6"":0,""7"":29,""8"":47,""9"":47},""Thursday"":{""10"":41,""11"":41,""12"":52,""13"":41,""14"":35,""15"":29,""16"":17,""17"":17,""18"":29,""19"":23,""20"":29,""21"":0,""22"":0,""23"":0,""6"":0,""7"":29,""8"":35,""9"":23},""Tuesday"":{""10"":52,""11"":29,""12"":35,""13"":47,""14"":35,""15"":29,""16"":23,""17"":35,""18"":29,""19"":29,""20"":23,""21"":0,""22"":0,""23"":0,""6"":0,""7"":52,""8"":52,""9"":47},""Wednesday"":{""10"":52,""11"":47,""12"":47,""13"":23,""14"":17,""15"":29,""16"":29,""17"":17,""18"":17,""19"":11,""20"":29,""21"":0,""22"":0,""23"":0,""6"":0,""7"":17,""8"":17,""9"":35}}",,01-4115817,M8QR+JW Kathmandu,0,0.000000,"{""1"":0,""2"":0,""3"":0,""4"":0,""5"":0}",27.689021,85.342293,14690794706922377185,,,,https://lh3.googleusercontent.com/gps-proxy/ALd4DhGDB_PZMgmLgi3gyRJANSHiiCxDPLkegvExy5TYvUOE-Ft1X-xcAOV1Vhc8t8txM3Y9NE6WM651SE9oqAlyiad0UT1-rzNUL1JHzVgRDoejCA1ZoJMZV1aiwIYZq6Zgzvso4qcOohErG6k4zWC8bKR0GGzGvRvd99E0QrhFEk3gXb_TBsLREvKI4PjWvC3QTY36SdI=w426-h240-k-no,Asia/Katmandu,,0x39eb199183cf45b7:0xcbe02ff3664c0fe1,ChIJt0XPg5EZ6zkR4Q9MZvMv4Ms,"[{""title"":""All"",""image"":""https://lh3.googleusercontent.com/gps-proxy/ALd4DhGUrqtCw5lOikHCvAGx6wcMCEO-CZpSNSXeyyjLWNeK9uhhl5wFjK1aK5G9mTNMrYfjyvvuk6d3BsD4U0q84EXg7p6fHQtW6GOpvfFp2EXMcS7vi8gom1DK1Wrf4eY6LD8mdhhyn6HQ7zgvy8lrcEs2nBTjkgEb00cQVC9o1iMNa52RaJQmE6FN8w7tEPWxyIMkVb0=w529-h298-k-no""},{""title"":""Street View \u0026 360¬∞"",""image"":""https://streetviewpixels-pa.googleapis.com/v1/thumbnail?panoid=6FJAoSOIonUSY9FxPzPXCA\u0026cb_client=maps_sv.tactile.gps\u0026w=224\u0026h=298\u0026yaw=112.08151\u0026pitch=0\u0026thumbfov=100""}]",null,null,"{""link"":"""",""source"":""""}","{""id"":"""",""name"":""SUDHAN PHARMA (Owner)"",""link"":""""}","{""borough"":""New Baneshwor"",""street"":""‡§Æ‡§ø‡§®‡§≠‡§µ‡§® ‡•©‡•™, ‡§≠‡§ø‡§Æ‡§∏‡•á‡§®‡§ó‡•ã‡§≤‡§æ ‡§Æ‡§æ‡§∞‡•ç‡§ó"",""city"":""Kathmandu"",""postal_code"":""44600"",""state"":"""",""country"":""NP""}","[{""id"":""planning"",""name"":""Planning"",""options"":[{""name"":""Quick visit"",""enabled"":true}]}]",[],null,
737fc637-3e3f-49f2-b5f0-bb7745e4d274,https://www.google.com/maps/place/Ekendra+Pharmacy/data=!4m7!3m6!1s0x39eb1940ff9d2c21:0x759f3b640256704f!8m2!3d27.6728793!4d85.3282427!16s%2Fg%2F11ghpzfjnj!19sChIJISyd_0AZ6zkRT3BWAmQ7n3U?authuser=0&hl=en&rclk=1,Ekendra Pharmacy,Pharmacy,"Lonla Tole Marga, Lalitpur 44600","{""Friday"":[""7‚ÄØAM‚Äì8‚ÄØPM""],""Monday"":[""7‚ÄØAM‚Äì8‚ÄØPM""],""Saturday"":[""7‚ÄØAM‚Äì8‚ÄØPM""],""Sunday"":[""7‚ÄØAM‚Äì8‚ÄØPM""],""Thursday"":[""7‚ÄØAM‚Äì8‚ÄØPM""],""Tuesday"":[""7‚ÄØAM‚Äì8‚ÄØPM""],""Wednesday"":[""7‚ÄØAM‚Äì8‚ÄØPM""]}","{""Friday"":{""10"":28,""11"":31,""12"":33,""13"":44,""14"":55,""15"":64,""16"":68,""17"":71,""18"":80,""19"":77,""20"":0,""21"":0,""22"":0,""23"":0,""6"":0,""7"":15,""8"":22,""9"":28},""Monday"":{""10"":22,""11"":26,""12"":28,""13"":26,""14"":37,""15"":46,""16"":68,""17"":71,""18"":84,""19"":86,""20"":0,""21"":0,""22"":0,""23"":0,""6"":0,""7"":28,""8"":31,""9"":28},""Saturday"":{""10"":40,""11"":55,""12"":64,""13"":55,""14"":48,""15"":51,""16"":62,""17"":84,""18"":100,""19"":95,""20"":0,""21"":0,""22"":0,""23"":0,""6"":0,""7"":22,""8"":22,""9"":26},""Sunday"":{""10"":51,""11"":57,""12"":60,""13"":48,""14"":51,""15"":55,""16"":66,""17"":62,""18"":73,""19"":68,""20"":0,""21"":0,""22"":0,""23"":0,""6"":0,""7"":26,""8"":40,""9"":48},""Thursday"":{""10"":28,""11"":31,""12"":35,""13"":31,""14"":35,""15"":53,""16"":68,""17"":75,""18"":82,""19"":77,""20"":0,""21"":0,""22"":0,""23"":0,""6"":0,""7"":24,""8"":15,""9"":17},""Tuesday"":{""10"":33,""11"":44,""12"":40,""13"":46,""14"":51,""15"":68,""16"":77,""17"":77,""18"":71,""19"":66,""20"":0,""21"":0,""22"":0,""23"":0,""6"":0,""7"":22,""8"":22,""9"":33},""Wednesday"":{""10"":28,""11"":37,""12"":33,""13"":46,""14"":55,""15"":73,""16"":77,""17"":73,""18"":80,""19"":75,""20"":0,""21"":0,""22"":0,""23"":0,""6"":0,""7"":22,""8"":20,""9"":26}}",,985-1242640,M8FH+57 Lalitpur,117,5.000000,"{""1"":0,""2"":0,""3"":0,""4"":0,""5"":117}",27.672879,85.328243,8475558324456550479,,,https://search.google.com/local/reviews?placeid=ChIJISyd_0AZ6zkRT3BWAmQ7n3U&q=Ekendra+Pharmacy&authuser=0&hl=en&gl=NP,https://lh3.googleusercontent.com/gps-cs-s/AG0ilSyth03BmPkcRfHkz6eQCBllyQG-c2emEQ1j2vPvrY4CbbcbcuqP_7wTVAko3oredKY6TUlAetwsDbMLaoePzmhzzz7f5H6hlpcRHviA8-CsQWbDD7eMgpi9_fYcwMcMkil4BqvPAPTb6KU=w408-h725-k-no,Asia/Katmandu,,0x39eb1940ff9d2c21:0x759f3b640256704f,ChIJISyd_0AZ6zkRT3BWAmQ7n3U,"[{""title"":""All"",""image"":""https://lh3.googleusercontent.com/gps-cs-s/AG0ilSyth03BmPkcRfHkz6eQCBllyQG-c2emEQ1j2vPvrY4CbbcbcuqP_7wTVAko3oredKY6TUlAetwsDbMLaoePzmhzzz7f5H6hlpcRHviA8-CsQWbDD7eMgpi9_fYcwMcMkil4BqvPAPTb6KU=w224-h398-k-no""},{""title"":""By owner"",""image"":""https://lh3.googleusercontent.com/p/AF1QipNOHU8Su4O_J5aqbrxOuScngXqdM-HAtcgx_giA=w224-h298-k-no""},{""title"":""Videos"",""image"":""https://lh3.googleusercontent.com/gps-cs-s/AG0ilSyth03BmPkcRfHkz6eQCBllyQG-c2emEQ1j2vPvrY4CbbcbcuqP_7wTVAko3oredKY6TUlAetwsDbMLaoePzmhzzz7f5H6hlpcRHviA8-CsQWbDD7eMgpi9_fYcwMcMkil4BqvPAPTb6KU=w224-h398-k-no""}]",null,null,"{""link"":"""",""source"":""""}","{""id"":""102484149448365390454"",""name"":""Ekendra Pharmacy (Owner)"",""link"":""https://www.google.com/maps/contrib/102484149448365390454""}","{""borough"":""Mangal Bazaar"",""street"":""Lonla Tole Marga"",""city"":""Lalitpur"",""postal_code"":""44600"",""state"":"""",""country"":""NP""}","[{""id"":""service_options"",""name"":""Service options"",""options"":[{""name"":""Delivery"",""enabled"":true},{""name"":""In-store pick-up"",""enabled"":true}]},{""id"":""planning"",""name"":""Planning"",""options"":[{""name"":""Appointment required"",""enabled"":true}]}]","[{""Name"":""Krishna Bahadur Kafle"",""ProfilePicture"":""https://lh3.googleusercontent.com/a/ACg8ocJymhMJn55tZt_tk5iHwSxBc7y4C3V9vv9zDX8ny-m_RJ45WQ=s120-c-rp-mo-br100"",""Rating"":5,""Description"":""Good customer i deal since 10 years my best customer"",""Images"":null,""When"":""""},{""Name"":""Pramila Basnet"",""ProfilePicture"":""https://lh3.googleusercontent.com/a/ACg8ocL9RXrpNJC6eo30tJk5V8pGOHU55WVP92s22f9vuY1ykcAp-g=s120-c-rp-mo-br100"",""Rating"":5,""Description"":""Good service Best pharmacy in town"",""Images"":null,""When"":""""},{""Name"":""Kharayo Free Fire"",""ProfilePicture"":""https://lh3.googleusercontent.com/a-/ALV-UjXLBa_0tbhUYgNMmAbD_yNHkgwLjfL_0cDJqXLjQT7PBB25sVU=s120-c-rp-mo-br100"",""Rating"":5,""Description"":""This pharmacy is situated at lonla Tole way to mangalbazar"",""Images"":null,""When"":""""},{""Name"":""Redmi Note4"",""ProfilePicture"":""https://lh3.googleusercontent.com/a/ACg8ocKRnNrGCUqvj5o8ZOT1BlQZunVnEO26j3KvEC0c7z4RPFsT9g=s120-c-rp-mo-br100"",""Rating"":5,""Description"":""Best service"",""Images"":null,""When"":""""},{""Name"":""Shreeram Keshari"",""ProfilePicture"":""https://lh3.googleusercontent.com/a/ACg8ocIzRd97wy287S9obdgK0xYdNyFOOud3EwAemQNd2KDH_m2s=s120-c-rp-mo-br100"",""Rating"":5,""Description"":""Good service best pharmacy"",""Images"":null,""When"":""""},{""Name"":""samyak silwal 5F"",""ProfilePicture"":""https://lh3.googleusercontent.com/a-/ALV-UjWI9jtLDwu9VfpIIhHMhAJb_AxAQ-hcIA0DSgcjQKKrSNpri3Oz=s120-c-rp-mo-br100"",""Rating"":5,""Description"":""All kind of medicine available"",""Images"":null,""When"":""""},{""Name"":""Dearnarayan Deep"",""ProfilePicture"":""https://lh3.googleusercontent.com/a-/ALV-UjVrzjZ1qtngNGlJ6q4Z8MUgPgvQW9tc5D8OzTen6dflpxW6oqZP=s120-c-rp-mo-br100"",""Rating"":5,""Description"":""Good health service"",""Images"":null,""When"":""""},{""Name"":""Shambu Rijal"",""ProfilePicture"":""https://lh3.googleusercontent.com/a/ACg8ocJwiXiyflc0rMPUAojmYRQTCVd38tEWz6xZTnDvrEiP-l9ZDQ=s120-c-rp-mo-br100"",""Rating"":5,""Description"":""Good service"",""Images"":null,""When"":""""}]",null,
737fc637-3e3f-49f2-b5f0-bb7745e4d274,https://www.google.com/maps/place/Uniglobe+Pharma/data=!4m7!3m6!1s0x39eb19278bc588c3:0x3b01f0bc8eada5f4!8m2!3d27.6874393!4d85.338143!16s%2Fg%2F11l2m3qmj8!19sChIJw4jFiycZ6zkR9KWtjrzwATs?authuser=0&hl=en&rclk=1,Uniglobe Pharma,Pharmacy,"Minbhawan Marg, Kathmandu 44600","{""Friday"":[""6‚ÄØAM‚Äì9:30‚ÄØPM""],""Monday"":[""6‚ÄØAM‚Äì9:30‚ÄØPM""],""Saturday"":[""6‚ÄØAM‚Äì9:30‚ÄØPM""],""Sunday"":[""6‚ÄØAM‚Äì9:30‚ÄØPM""],""Thursday"":[""6‚ÄØAM‚Äì9:30‚ÄØPM""],""Tuesday"":[""6‚ÄØAM‚Äì9:30‚ÄØPM""],""Wednesday"":[""6‚ÄØAM‚Äì9:30‚ÄØPM""]}","{""Friday"":{""10"":70,""11"":57,""12"":55,""13"":60,""14"":67,""15"":72,""16"":80,""17"":77,""18"":100,""19"":82,""20"":82,""21"":62,""22"":0,""5"":0,""6"":55,""7"":52,""8"":52,""9"":65},""Monday"":{""10"":65,""11"":52,""12"":60,""13"":52,""14"":57,""15"":57,""16"":65,""17"":60,""18"":57,""19"":50,""20"":40,""21"":45,""22"":0,""5"":0,""6"":50,""7"":45,""8"":60,""9"":70},""Saturday"":{""10"":22,""11"":37,""12"":50,""13"":70,""14"":65,""15"":52,""16"":45,""17"":30,""18"":30,""19"":37,""20"":40,""21"":45,""22"":0,""5"":0,""6"":62,""7"":45,""8"":30,""9"":25},""Sunday"":{""10"":37,""11"":40,""12"":40,""13"":47,""14"":57,""15"":82,""16"":97,""17"":80,""18"":65,""19"":57,""20"":65,""21"":67,""22"":0,""5"":0,""6"":50,""7"":45,""8"":50,""9"":47},""Thursday"":{""10"":72,""11"":65,""12"":62,""13"":62,""14"":65,""15"":62,""16"":55,""17"":35,""18"":35,""19"":32,""20"":27,""21"":35,""22"":0,""5"":0,""6"":52,""7"":47,""8"":45,""9"":65},""Tuesday"":{""10"":75,""11"":72,""12"":75,""13"":62,""14"":52,""15"":50,""16"":55,""17"":57,""18"":55,""19"":47,""20"":42,""21"":45,""22"":0,""5"":0,""6"":20,""7"":35,""8"":47,""9"":70},""Wednesday"":{""10"":77,""11"":82,""12"":70,""13"":62,""14"":52,""15"":67,""16"":80,""17"":90,""18"":80,""19"":85,""20"":77,""21"":47,""22"":0,""5"":0,""6"":75,""7"":52,""8"":47,""9"":52}}",,982-7429704,M8PQ+X7 Kathmandu,10,4.100000,"{""1"":2,""2"":0,""3"":0,""4"":1,""5"":7}",27.687439,85.338143,4251944215852721652,,,https://search.google.com/local/reviews?placeid=ChIJw4jFiycZ6zkR9KWtjrzwATs&q=Uniglobe+Pharma&authuser=0&hl=en&gl=NP,https://lh3.googleusercontent.com/p/AF1QipNsRwe9c8JEus9LEq9n1S8CmHGmF140Y9v13Bdk=w408-h306-k-no,Asia/Katmandu,,0x39eb19278bc588c3:0x3b01f0bc8eada5f4,ChIJw4jFiycZ6zkR9KWtjrzwATs,"[{""title"":""All"",""image"":""https://lh3.googleusercontent.com/p/AF1QipNsRwe9c8JEus9LEq9n1S8CmHGmF140Y9v13Bdk=w397-h298-k-no""},{""title"":""By owner"",""image"":""https://lh3.googleusercontent.com/p/AF1QipNsRwe9c8JEus9LEq9n1S8CmHGmF140Y9v13Bdk=w397-h298-k-no""},{""title"":""Street View \u0026 360¬∞"",""image"":""https://streetviewpixels-pa.googleapis.com/v1/thumbnail?panoid=svaAySx9RCWWEefcA7_ObQ\u0026cb_client=maps_sv.tactile.gps\u0026w=224\u0026h=298\u0026yaw=250.20134\u0026pitch=0\u0026thumbfov=100""}]",null,null,"{""link"":"""",""source"":""""}","{""id"":""106036319689426310404"",""name"":""Uniglobe Pharma (Owner)"",""link"":""https://www.google.com/maps/contrib/106036319689426310404""}","{""borough"":""Shankhamul"",""street"":""Minbhawan Marg"",""city"":""Kathmandu"",""postal_code"":""44600"",""state"":"""",""country"":""NP""}",null,"[{""Name"":""Miss Aries"",""ProfilePicture"":""https://lh3.googleusercontent.com/a-/ALV-UjUhyobg0TuLIurOfL9t964dz8xKl8s7KpFNhMz7EKYq2FQfxRIT=s120-c-rp-mo-br100"",""Rating"":5,""Description"":""Awesome üòé"",""Images"":null,""When"":""""},{""Name"":""Nilam Bhatta"",""ProfilePicture"":""https://lh3.googleusercontent.com/a-/ALV-UjWEmj_uvRI_HHHGXdSGyNyYhS10By4jcWZMVbH0XiNFz9buqwe1lQ=s120-c-rp-mo-br100"",""Rating"":5,""Description"":""Nice üëç"",""Images"":null,""When"":""""},{""Name"":""Ar Un"",""ProfilePicture"":""https://lh3.googleusercontent.com/a-/ALV-UjWqess8IGS1kJPsjCmpt3P9GjeQXrzdv6nP2L80vbt2tJPWRRTY=s120-c-rp-mo-br100"",""Rating"":5,""Description"":""Good"",""Images"":null,""When"":""""},{""Name"":""Sagar Belbase"",""ProfilePicture"":""https://lh3.googleusercontent.com/a-/ALV-UjULyflFL-SnIVqdwN65BQfG94W47YWgLVpoxgsXXHmLzLqkSL89=s120-c-rp-mo-br100"",""Rating"":1,""Description"":"""",""Images"":null,""When"":""""},{""Name"":""GOVINDA MAHAT"",""ProfilePicture"":""https://lh3.googleusercontent.com/a-/ALV-UjV3scNXfLFGPoqXyqFa_MdzCIVnnq9vdNc11S12ssQ7anMo-oSZtw=s120-c-rp-mo-ba4-br100"",""Rating"":4,""Description"":"""",""Images"":null,""When"":""""},{""Name"":""Sudip Kandel"",""ProfilePicture"":""https://lh3.googleusercontent.com/a-/ALV-UjX9z6A5sRbE_prhbcMPhhNdLvu2aFTQ41q16wMeCEriotYLDxc=s120-c-rp-mo-br100"",""Rating"":5,""Description"":"""",""Images"":null,""When"":""""},{""Name"":""Anjali Rana"",""ProfilePicture"":""https://lh3.googleusercontent.com/a-/ALV-UjVw9bcafkxyXKlII1LGcpChWoEQQevWGDnkELR8ZL5kYtHQvN4cRw=s120-c-rp-mo-br100"",""Rating"":5,""Description"":"""",""Images"":null,""When"":""""},{""Name"":""Aastha Lama"",""ProfilePicture"":""https://lh3.googleusercontent.com/a/ACg8ocK8RguxEHFPWvmOhbFsJobnTrwzUOSfCh2Z8dvXBdbETAh1KQ=s120-c-rp-mo-br100"",""Rating"":5,""Description"":"""",""Images"":null,""When"":""""}]",null,
737fc637-3e3f-49f2-b5f0-bb7745e4d274,https://www.google.com/maps/place/Amarnath+Pharmacy/data=!4m7!3m6!1s0x39eb198b9003265b:0x876d8074b6f9de8e!8m2!3d27.6629585!4d85.3321316!16s%2Fg%2F11y3vfj1hf!19sChIJWyYDkIsZ6zkRjt75tnSAbYc?authuser=0&hl=en&rclk=1,Amarnath Pharmacy,Drug store,"Gwarko, Lalitpur-17, Lalitpur","{""Friday"":[""7‚ÄØAM‚Äì10‚ÄØPM""],""Monday"":[""7‚ÄØAM‚Äì10‚ÄØPM""],""Saturday"":[""7:30‚ÄØAM‚Äì9:30‚ÄØPM""],""Sunday"":[""7‚ÄØAM‚Äì10‚ÄØPM""],""Thursday"":[""7‚ÄØAM‚Äì10‚ÄØPM""],""Tuesday"":[""7‚ÄØAM‚Äì10‚ÄØPM""],""Wednesday"":[""7‚ÄØAM‚Äì10‚ÄØPM""]}","{""Friday"":{""10"":27,""11"":27,""12"":27,""13"":45,""14"":90,""15"":100,""16"":90,""17"":63,""18"":72,""19"":54,""20"":54,""21"":63,""22"":0,""23"":0,""6"":0,""7"":72,""8"":18,""9"":9},""Monday"":{""10"":63,""11"":45,""12"":36,""13"":18,""14"":27,""15"":18,""16"":27,""17"":45,""18"":63,""19"":54,""20"":36,""21"":54,""22"":0,""23"":0,""6"":0,""7"":63,""8"":81,""9"":72},""Saturday"":{""10"":72,""11"":72,""12"":36,""13"":45,""14"":63,""15"":72,""16"":72,""17"":54,""18"":63,""19"":81,""20"":72,""21"":100,""22"":0,""23"":0,""6"":0,""7"":72,""8"":63,""9"":72},""Sunday"":{""10"":36,""11"":45,""12"":72,""13"":90,""14"":81,""15"":81,""16"":63,""17"":63,""18"":45,""19"":54,""20"":27,""21"":54,""22"":0,""23"":0,""6"":0,""7"":36,""8"":45,""9"":36},""Thursday"":{""10"":81,""11"":54,""12"":63,""13"":45,""14"":36,""15"":36,""16"":45,""17"":54,""18"":27,""19"":45,""20"":36,""21"":54,""22"":0,""23"":0,""6"":0,""7"":72,""8"":54,""9"":54},""Tuesday"":{""10"":100,""11"":72,""12"":63,""13"":45,""14"":54,""15"":45,""16"":27,""17"":9,""18"":36,""19"":72,""20"":90,""21"":90,""22"":0,""23"":0,""6"":0,""7"":27,""8"":45,""9"":100},""Wednesday"":{""10"":27,""11"":45,""12"":63,""13"":54,""14"":45,""15"":27,""16"":54,""17"":63,""18"":72,""19"":54,""20"":45,""21"":27,""22"":0,""23"":0,""6"":0,""7"":45,""8"":27,""9"":18}}",,981-8646786,M87J+5V Lalitpur,1,5.000000,"{""1"":0,""2"":0,""3"":0,""4"":0,""5"":1}",27.662958,85.332132,9758597206356123278,,,https://search.google.com/local/reviews?placeid=ChIJWyYDkIsZ6zkRjt75tnSAbYc&q=Amarnath+Pharmacy&authuser=0&hl=en&gl=NP,https://lh3.googleusercontent.com/p/AF1QipMFM1awxt8kEjB2yuBLUWKEGfA0ayhUnuqGD5p0=w533-h240-k-no,Asia/Katmandu,,0x39eb198b9003265b:0x876d8074b6f9de8e,ChIJWyYDkIsZ6zkRjt75tnSAbYc,"[{""title"":""All"",""image"":""https://lh3.googleusercontent.com/p/AF1QipMFM1awxt8kEjB2yuBLUWKEGfA0ayhUnuqGD5p0=w662-h298-k-no""},{""title"":""By owner"",""image"":""https://lh3.googleusercontent.com/p/AF1QipPnNET9PHVIqbsyOl_z7-eE5PbhXrkr8potU-aL=w224-h298-k-no""},{""title"":""Street View \u0026 360¬∞"",""image"":""https://streetviewpixels-pa.googleapis.com/v1/thumbnail?panoid=Z5SqScdFTM6BTFBRpM5KBA\u0026cb_client=maps_sv.tactile.gps\u0026w=224\u0026h=298\u0026yaw=190.31879\u0026pitch=0\u0026thumbfov=100""}]",null,null,"{""link"":"""",""source"":""""}","{""id"":""115417393153516553430"",""name"":""Amarnath Pharmacy (Owner)"",""link"":""https://www.google.com/maps/contrib/115417393153516553430""}","{""borough"":"""",""street"":""Gwarko, Lalitpur-17"",""city"":""Lalitpur"",""postal_code"":"""",""state"":"""",""country"":""NP""}","[{""id"":""planning"",""name"":""Planning"",""options"":[{""name"":""Quick visit"",""enabled"":true}]},{""id"":""payments"",""name"":""Payments"",""options"":[{""name"":""NFC mobile payments"",""enabled"":true}]}]","[{""Name"":""Manisha Thakur"",""ProfilePicture"":""https://lh3.googleusercontent.com/a/ACg8ocI_FlZsFIQwfyXeeGsRhePVw_I1nMiv5w6FGtu04pbY79lSlKKw=s120-c-rp-mo-br100"",""Rating"":5,""Description"":""One of the best pharmacy....aru and"",""Images"":null,""When"":""""}]",null,
737fc637-3e3f-49f2-b5f0-bb7745e4d274,https://www.google.com/maps/place/Juventas+Pharmacy/data=!4m7!3m6!1s0x39eb19925235a595:0x4aa3f7c91e56a3b1!8m2!3d27.6857929!4d85.341329!16s%2Fg%2F11hbn8dqgz!19sChIJlaU1UpIZ6zkRsaNWHsn3o0o?authuser=0&hl=en&rclk=1,Juventas Pharmacy,Pharmacy,"M8PR+8G8 Juventas Pharmacy, Alok Tara Marg, Kathmandu 44600","{""Friday"":[""8‚ÄØAM‚Äì6‚ÄØPM""],""Monday"":[""8‚ÄØAM‚Äì6‚ÄØPM""],""Saturday"":[""8‚ÄØAM‚Äì6‚ÄØPM""],""Sunday"":[""8‚ÄØAM‚Äì6‚ÄØPM""],""Thursday"":[""8‚ÄØAM‚Äì6‚ÄØPM""],""Tuesday"":[""8‚ÄØAM‚Äì6‚ÄØPM""],""Wednesday"":[""8‚ÄØAM‚Äì6‚ÄØPM""]}",{},,988-6158419,,4,4.000000,"{""1"":0,""2"":1,""3"":0,""4"":1,""5"":2}",27.685793,85.341329,5378414823179985841,,,https://search.google.com/local/reviews?placeid=ChIJlaU1UpIZ6zkRsaNWHsn3o0o&q=Juventas+Pharmacy&authuser=0&hl=en&gl=NP,https://streetviewpixels-pa.googleapis.com/v1/thumbnail?panoid=nLXE-qIpA9lF2_EABmGHrQ&cb_client=search.gws-prod.gps&w=408&h=240&yaw=163.43912&pitch=0&thumbfov=100,Asia/Katmandu,,0x39eb19925235a595:0x4aa3f7c91e56a3b1,ChIJlaU1UpIZ6zkRsaNWHsn3o0o,"[{""title"":""All"",""image"":""https://streetviewpixels-pa.googleapis.com/v1/thumbnail?panoid=nLXE-qIpA9lF2_EABmGHrQ\u0026cb_client=maps_sv.tactile.gps\u0026w=224\u0026h=298\u0026yaw=163.43912\u0026pitch=0\u0026thumbfov=100""},{""title"":""Street View \u0026 360¬∞"",""image"":""https://streetviewpixels-pa.googleapis.com/v1/thumbnail?panoid=nLXE-qIpA9lF2_EABmGHrQ\u0026cb_client=maps_sv.tactile.gps\u0026w=224\u0026h=298\u0026yaw=163.43912\u0026pitch=0\u0026thumbfov=100""}]",null,null,"{""link"":"""",""source"":""""}","{""id"":"""",""name"":""Juventas Pharmacy (Owner)"",""link"":""""}","{""borough"":""Shankhamul"",""street"":""M8PR+8G8, Alok Tara Marg"",""city"":""Kathmandu"",""postal_code"":""44600"",""state"":"""",""country"":""NP""}",null,"[{""Name"":""Naveen Kunwar"",""ProfilePicture"":""https://lh3.googleusercontent.com/a-/ALV-UjV5w6y-oJ5btfsrVy6xQEMsJtwFvbPqURzMyK6MyKjyFEbTo18AxQ=s120-c-rp-mo-ba3-br100"",""Rating"":5,""Description"":""‚úÖ‚úÖ"",""Images"":null,""When"":""""},{""Name"":""·ó™·ïºI·ñá·ó©·íç ·ó∑·ïº·ó©·ëé·ó™·ó©·ñáI"",""ProfilePicture"":""https://lh3.googleusercontent.com/a-/ALV-UjWjxqVCdkg2vk6q5HegKNKy39ahGA7vMFEyJMLwo-447KYrLpcT=s120-c-rp-mo-br100"",""Rating"":5,""Description"":"""",""Images"":null,""When"":""""},{""Name"":""prithivi Koju"",""ProfilePicture"":""https://lh3.googleusercontent.com/a-/ALV-UjWyr5skhRu3pnziIyvNmdhME-TN3fRMBXamqI3p5RYV20ybIRRpeg=s120-c-rp-mo-br100"",""Rating"":2,""Description"":"""",""Images"":null,""When"":""""},{""Name"":""Shishir Gyawali"",""ProfilePicture"":""https://lh3.googleusercontent.com/a/ACg8ocLU7QjsgeicfjV_GME8iIUfnyFFRl7rO5y3Mzg3UjrYUikuYfo=s120-c-rp-mo-br100"",""Rating"":4,""Description"":"""",""Images"":null,""When"":""""}]",null,
737fc637-3e3f-49f2-b5f0-bb7745e4d274,https://www.google.com/maps/place/Nilgiri+Pharmacy/data=!4m7!3m6!1s0x39eb19959aa19a39:0x46508644ea3c766d!8m2!3d27.6861522!4d85.3350033!16s%2Fg%2F11b6gmd3pv!19sChIJOZqhmpUZ6zkRbXY86kSGUEY?authuser=0&hl=en&rclk=1,Nilgiri Pharmacy,Pharmacy,"M8PP+F26 Nilgiri Pharmacy, ‡§∂‡§Ç‡§ñ‡§Æ‡•Å‡§≤ ‡§Æ‡§æ‡§∞‡•ç‡§ó, Kathmandu 44600","{""Friday"":[""7‚ÄØAM‚Äì8:30‚ÄØPM""],""Monday"":[""7‚ÄØAM‚Äì8:30‚ÄØPM""],""Saturday"":[""7‚ÄØAM‚Äì8:30‚ÄØPM""],""Sunday"":[""7‚ÄØAM‚Äì8:30‚ÄØPM""],""Thursday"":[""7‚ÄØAM‚Äì8:30‚ÄØPM""],""Tuesday"":[""7‚ÄØAM‚Äì8:30‚ÄØPM""],""Wednesday"":[""7‚ÄØAM‚Äì8:30‚ÄØPM""]}","{""Friday"":{""10"":33,""11"":50,""12"":50,""13"":75,""14"":83,""15"":66,""16"":66,""17"":50,""18"":50,""19"":58,""20"":41,""21"":0,""22"":0,""23"":0,""6"":0,""7"":41,""8"":50,""9"":58},""Monday"":{""10"":100,""11"":100,""12"":100,""13"":91,""14"":75,""15"":66,""16"":50,""17"":33,""18"":33,""19"":33,""20"":58,""21"":0,""22"":0,""23"":0,""6"":0,""7"":33,""8"":33,""9"":50},""Saturday"":{""10"":25,""11"":8,""12"":0,""13"":16,""14"":25,""15"":41,""16"":25,""17"":25,""18"":25,""19"":33,""20"":41,""21"":0,""22"":0,""23"":0,""6"":0,""7"":58,""8"":41,""9"":25},""Sunday"":{""10"":33,""11"":33,""12"":41,""13"":33,""14"":16,""15"":8,""16"":16,""17"":50,""18"":58,""19"":66,""20"":58,""21"":0,""22"":0,""23"":0,""6"":0,""7"":33,""8"":75,""9"":58},""Thursday"":{""10"":58,""11"":66,""12"":50,""13"":33,""14"":33,""15"":16,""16"":8,""17"":8,""18"":33,""19"":50,""20"":66,""21"":0,""22"":0,""23"":0,""6"":0,""7"":16,""8"":8,""9"":33},""Tuesday"":{""10"":58,""11"":33,""12"":25,""13"":41,""14"":50,""15"":83,""16"":58,""17"":33,""18"":8,""19"":8,""20"":25,""21"":0,""22"":0,""23"":0,""6"":0,""7"":41,""8"":41,""9"":50},""Wednesday"":{""10"":50,""11"":50,""12"":33,""13"":8,""14"":8,""15"":33,""16"":25,""17"":33,""18"":25,""19"":41,""20"":50,""21"":0,""22"":0,""23"":0,""6"":0,""7"":50,""8"":66,""9"":50}}",,984-1187560,,2,5.000000,"{""1"":0,""2"":0,""3"":0,""4"":0,""5"":2}",27.686152,85.335003,5066697211337537133,,,https://search.google.com/local/reviews?placeid=ChIJOZqhmpUZ6zkRbXY86kSGUEY&q=Nilgiri+Pharmacy&authuser=0&hl=en&gl=NP,https://lh3.googleusercontent.com/gps-cs-s/AG0ilSxQZkrB5aPGtr-_X6TeAndqCG3qJtFM5y0fPzuMo2NeYUmahFefq2KuJvBigcUBsWXkrS45KAPGFEY3R9zodgDSoeL00PNIHgY1iEW_FuBNKMYyhUjeK_Nf-adX_XR054Iq6CY=w408-h544-k-no,Asia/Katmandu,,0x39eb19959aa19a39:0x46508644ea3c766d,ChIJOZqhmpUZ6zkRbXY86kSGUEY,"[{""title"":""All"",""image"":""https://lh3.googleusercontent.com/gps-cs-s/AG0ilSxQZkrB5aPGtr-_X6TeAndqCG3qJtFM5y0fPzuMo2NeYUmahFefq2KuJvBigcUBsWXkrS45KAPGFEY3R9zodgDSoeL00PNIHgY1iEW_FuBNKMYyhUjeK_Nf-adX_XR054Iq6CY=w224-h298-k-no""},{""title"":""Street View \u0026 360¬∞"",""image"":""https://streetviewpixels-pa.googleapis.com/v1/thumbnail?panoid=nmWPg94Kv1ffuofOfHcsHA\u0026cb_client=maps_sv.tactile.gps\u0026w=224\u0026h=298\u0026yaw=268.23077\u0026pitch=0\u0026thumbfov=100""},{""title"":""Videos"",""image"":""https://lh3.googleusercontent.com/gps-cs-s/AG0ilSzuDJfPrOLz7zaox2WU7z0UdnCbA4txiytgipmVMQwPdaSbOzhVZZQ4PdCaiEiT3H452j9o36LwzvFknAXmSX_lyJiLR3fnhXuFjyyaG8N6TKLY90y6OWLdN6B-SNs1Nc86r_o2pw=w224-h398-k-no""}]",null,null,"{""link"":"""",""source"":""""}","{""id"":"""",""name"":""Nilgiri Pharmacy (Owner)"",""link"":""""}","{""borough"":""Shankhamul"",""street"":""M8PP+F26, ‡§∂‡§Ç‡§ñ‡§Æ‡•Å‡§≤ ‡§Æ‡§æ‡§∞‡•ç‡§ó"",""city"":""Kathmandu"",""postal_code"":""44600"",""state"":"""",""country"":""NP""}",null,"[{""Name"":""Sabin Marasini"",""ProfilePicture"":""https://lh3.googleusercontent.com/a-/ALV-UjVzC1HbJ8VZPac9AG7GhXPXaz_Tua8ptsrWrkmZ_I-Mz6EXgcNS=s120-c-rp-mo-br100"",""Rating"":5,""Description"":""Sahi ho didi"",""Images"":null,""When"":""""},{""Name"":""Rajan Gyawali"",""ProfilePicture"":""https://lh3.googleusercontent.com/a-/ALV-UjVtZs7RB0ta4T8Gt5Vw9Jc75gqp73wDCRf0yM76R00XrqnRhUD1=s120-c-rp-mo-br100"",""Rating"":5,""Description"":"""",""Images"":null,""When"":""""}]",null,
737fc637-3e3f-49f2-b5f0-bb7745e4d274,https://www.google.com/maps/place/Divyakalash+Pharmacy/data=!4m7!3m6!1s0x39eb19099dfed445:0x76b5f69572a1a857!8m2!3d27.6870649!4d85.338171!16s%2Fg%2F11fl5nsp_h!19sChIJRdT-nQkZ6zkRV6ihcpX2tXY?authuser=0&hl=en&rclk=1,Divyakalash Pharmacy,Pharmacy,"Minbhawan Marg, Kathmandu 44600","{""Friday"":[""6:30‚ÄØAM‚Äì11‚ÄØPM""],""Monday"":[""6:30‚ÄØAM‚Äì11‚ÄØPM""],""Saturday"":[""7‚ÄØAM‚Äì10‚ÄØPM""],""Sunday"":[""6:30‚ÄØAM‚Äì11‚ÄØPM""],""Thursday"":[""6:30‚ÄØAM‚Äì11‚ÄØPM""],""Tuesday"":[""6:30‚ÄØAM‚Äì11‚ÄØPM""],""Wednesday"":[""6:30‚ÄØAM‚Äì11‚ÄØPM""]}","{""Friday"":{""10"":42,""11"":57,""12"":64,""13"":78,""14"":64,""15"":50,""16"":35,""17"":42,""18"":21,""19"":28,""20"":28,""21"":35,""22"":57,""5"":0,""6"":21,""7"":21,""8"":28,""9"":35},""Monday"":{""10"":35,""11"":21,""12"":14,""13"":35,""14"":57,""15"":64,""16"":57,""17"":28,""18"":28,""19"":35,""20"":28,""21"":42,""22"":42,""5"":0,""6"":64,""7"":100,""8"":92,""9"":78},""Saturday"":{""10"":71,""11"":78,""12"":42,""13"":28,""14"":28,""15"":35,""16"":35,""17"":42,""18"":64,""19"":85,""20"":64,""21"":50,""22"":0,""23"":0,""6"":0,""7"":42,""8"":57,""9"":71},""Sunday"":{""10"":28,""11"":35,""12"":57,""13"":57,""14"":71,""15"":42,""16"":35,""17"":28,""18"":28,""19"":35,""20"":42,""21"":42,""22"":42,""5"":0,""6"":64,""7"":57,""8"":42,""9"":28},""Thursday"":{""10"":57,""11"":64,""12"":71,""13"":78,""14"":64,""15"":42,""16"":57,""17"":64,""18"":50,""19"":21,""20"":14,""21"":21,""22"":14,""5"":0,""6"":28,""7"":21,""8"":21,""9"":28},""Tuesday"":{""10"":42,""11"":71,""12"":71,""13"":64,""14"":42,""15"":28,""16"":14,""17"":28,""18"":35,""19"":35,""20"":21,""21"":21,""22"":21,""5"":0,""6"":50,""7"":42,""8"":28,""9"":28},""Wednesday"":{""10"":64,""11"":71,""12"":64,""13"":57,""14"":57,""15"":71,""16"":92,""17"":85,""18"":85,""19"":50,""20"":35,""21"":28,""22"":64,""5"":0,""6"":50,""7"":64,""8"":78,""9"":78}}",,984-9303448,M8PQ+R7 Kathmandu,9,3.400000,"{""1"":1,""2"":1,""3"":1,""4"":5,""5"":1}",27.687065,85.338171,8554014188993882199,,,https://search.google.com/local/reviews?placeid=ChIJRdT-nQkZ6zkRV6ihcpX2tXY&q=Divyakalash+Pharmacy&authuser=0&hl=en&gl=NP,https://lh3.googleusercontent.com/gps-cs-s/AG0ilSzpZ4CCeRwL6E0YkGC0pBjavEdg_EzK13K_NriMCFVmkW-JcRHdDlAnUnSbCtk1czqnkEkaoMyBLJRzivmBtEr8nwT4qjEi2Yz1e31WaMd1G1ByPeObFNE7ig5YD4bU0QDBjqlP=w408-h306-k-no,Asia/Katmandu,,0x39eb19099dfed445:0x76b5f69572a1a857,ChIJRdT-nQkZ6zkRV6ihcpX2tXY,"[{""title"":""All"",""image"":""https://lh3.googleusercontent.com/gps-cs-s/AG0ilSzpZ4CCeRwL6E0YkGC0pBjavEdg_EzK13K_NriMCFVmkW-JcRHdDlAnUnSbCtk1czqnkEkaoMyBLJRzivmBtEr8nwT4qjEi2Yz1e31WaMd1G1ByPeObFNE7ig5YD4bU0QDBjqlP=w397-h298-k-no""},{""title"":""Street View \u0026 360¬∞"",""image"":""https://streetviewpixels-pa.googleapis.com/v1/thumbnail?panoid=x5VjjrExsIdCAboQ12Nckg\u0026cb_client=maps_sv.tactile.gps\u0026w=224\u0026h=298\u0026yaw=293.01685\u0026pitch=0\u0026thumbfov=100""}]",null,null,"{""link"":"""",""source"":""""}","{""id"":""108123025007391867379"",""name"":""Divyakalash Pharmacy (Owner)"",""link"":""https://www.google.com/maps/contrib/108123025007391867379""}","{""borough"":""Shankhamul"",""street"":""Minbhawan Marg"",""city"":""Kathmandu"",""postal_code"":""44600"",""state"":"""",""country"":""NP""}","[{""id"":""service_options"",""name"":""Service options"",""options"":[{""name"":""Drive-through"",""enabled"":true}]},{""id"":""planning"",""name"":""Planning"",""options"":[{""name"":""Quick visit"",""enabled"":true}]}]","[{""Name"":""Rajan Yadav"",""ProfilePicture"":""https://lh3.googleusercontent.com/a-/ALV-UjWpOqS5MmKabbrhh8wIYhKJJ5hw47l_RCWkETB9XbCeqWdydkpQ=s120-c-rp-mo-br100"",""Rating"":1,""Description"":""This pharmacy is not good i returned the medicine bute the didn't give me refund yet.\nEverytime i call he blocked the num and he is not willing to return my money. Very irresponsible person üò°"",""Images"":null,""When"":""""},{""Name"":""Rudra Singh"",""ProfilePicture"":""https://lh3.googleusercontent.com/a/ACg8ocJICTN8LK0MVpO8Gm79356GjgEfy8pHvVIbJyPWXnWYOiTKXg=s120-c-rp-mo-br100"",""Rating"":4,""Description"":""Nice"",""Images"":null,""When"":""""},{""Name"":""Rajan Dahal"",""ProfilePicture"":""https://lh3.googleusercontent.com/a-/ALV-UjWY5STJ_6b5twWNfeROtiTQW5DKCfIdj99g2OtVdxUQL2JnI_56MA=s120-c-rp-mo-ba8-br100"",""Rating"":5,""Description"":""Pharmacy."",""Images"":null,""When"":""""},{""Name"":""Abhishek Ale"",""ProfilePicture"":""https://lh3.googleusercontent.com/a-/ALV-UjXH-CSCd1NikXusA8fx-6l303EnoUGZKGd9SEQfee5yp_h97C2A=s120-c-rp-mo-br100"",""Rating"":2,""Description"":"""",""Images"":null,""When"":""""},{""Name"":""Prakash Adhikari"",""ProfilePicture"":""https://lh3.googleusercontent.com/a-/ALV-UjVuu956CDDe1PhU379ZcM5tTg_EYso664NYbPutR2xE-tL2rhCruA=s120-c-rp-mo-ba5-br100"",""Rating"":4,""Description"":"""",""Images"":null,""When"":""""},{""Name"":""Vishwa Singh"",""ProfilePicture"":""https://lh3.googleusercontent.com/a/ACg8ocLPjFmd_irZiKogwd5UjVt8XNw7TDmRhvjgc8f26a9zWMhFEg=s120-c-rp-mo-br100"",""Rating"":4,""Description"":"""",""Images"":null,""When"":""""},{""Name"":""Anand Singh"",""ProfilePicture"":""https://lh3.googleusercontent.com/a/ACg8ocLekdjdArodJUE8grtGRZobJiJE2SnlpCKIgx4ss69dZeCXpw=s120-c-rp-mo-br100"",""Rating"":4,""Description"":"""",""Images"":null,""When"":""""},{""Name"":""anand singh"",""ProfilePicture"":""https://lh3.googleusercontent.com/a-/ALV-UjXNWFjR_491hwxQwhmev6363j9gTbMdfhhUV6SnnruAoYJ0dX0=s120-c-rp-mo-br100"",""Rating"":4,""Description"":"""",""Images"":null,""When"":""""}]",null,
737fc637-3e3f-49f2-b5f0-bb7745e4d274,https://www.google.com/maps/place/%E0%A4%95%E0%A5%81%E0%A4%AE%E0%A4%BE%E0%A4%B0+%E0%A4%AB%E0%A4%BE%E0%A4%B0%E0%A5%8D%E0%A4%AE%E0%A5%87%E0%A4%B8%E0%A5%80/data=!4m7!3m6!1s0x39eb199190998635:0x93873e6be09d25d8!8m2!3d27.6897282!4d85.3427736!16s%2Fg%2F11b6gry52d!19sChIJNYaZkJEZ6zkR2CWd4Gs-h5M?authuser=0&hl=en&rclk=1,‡§ï‡•Å‡§Æ‡§æ‡§∞ ‡§´‡§æ‡§∞‡•ç‡§Æ‡•á‡§∏‡•Ä,Pharmacy,"‡§≠‡§ø‡§Æ‡§∏‡•á‡§®‡§ó‡•ã‡§≤‡§æ ‡§Æ‡§æ‡§∞‡•ç‡§ó, Kathmandu 44600","{""Friday"":[""7‚Äì11‚ÄØAM"",""2‚Äì8‚ÄØPM""],""Monday"":[""7‚Äì11‚ÄØAM"",""2‚Äì8‚ÄØPM""],""Saturday"":[""7‚Äì11‚ÄØAM"",""2‚Äì8‚ÄØPM""],""Sunday"":[""7‚Äì11‚ÄØAM"",""2‚Äì8‚ÄØPM""],""Thursday"":[""7‚Äì11‚ÄØAM"",""2‚Äì8‚ÄØPM""],""Tuesday"":[""7‚Äì11‚ÄØAM"",""2‚Äì8‚ÄØPM""],""Wednesday"":[""7‚Äì11‚ÄØAM"",""2‚Äì8‚ÄØPM""]}","{""Friday"":{""10"":80,""11"":0,""12"":0,""13"":0,""14"":100,""15"":86,""16"":73,""17"":80,""18"":80,""19"":66,""20"":0,""21"":0,""22"":0,""23"":0,""6"":0,""7"":73,""8"":60,""9"":86},""Monday"":{""10"":26,""11"":0,""12"":0,""13"":0,""14"":26,""15"":13,""16"":26,""17"":53,""18"":40,""19"":26,""20"":0,""21"":0,""22"":0,""23"":0,""6"":0,""7"":6,""8"":6,""9"":6},""Saturday"":{""10"":20,""11"":0,""12"":0,""13"":0,""14"":40,""15"":13,""16"":0,""17"":6,""18"":26,""19"":26,""20"":0,""21"":0,""22"":0,""23"":0,""6"":0,""7"":33,""8"":26,""9"":13},""Sunday"":{""10"":26,""11"":0,""12"":0,""13"":0,""14"":40,""15"":33,""16"":33,""17"":40,""18"":33,""19"":26,""20"":0,""21"":0,""22"":0,""23"":0,""6"":0,""7"":26,""8"":20,""9"":26},""Thursday"":{""10"":46,""11"":0,""12"":0,""13"":0,""14"":20,""15"":40,""16"":33,""17"":40,""18"":26,""19"":20,""20"":0,""21"":0,""22"":0,""23"":0,""6"":0,""7"":86,""8"":66,""9"":46},""Tuesday"":{""10"":60,""11"":0,""12"":0,""13"":0,""14"":73,""15"":66,""16"":60,""17"":40,""18"":26,""19"":20,""20"":0,""21"":0,""22"":0,""23"":0,""6"":0,""7"":33,""8"":53,""9"":53},""Wednesday"":{""10"":33,""11"":0,""12"":0,""13"":0,""14"":46,""15"":33,""16"":66,""17"":66,""18"":86,""19"":66,""20"":0,""21"":0,""22"":0,""23"":0,""6"":0,""7"":66,""8"":53,""9"":46}}",,,M8QV+V4 Kathmandu,0,0.000000,"{""1"":0,""2"":0,""3"":0,""4"":0,""5"":0}",27.689728,85.342774,10630534078482163160,,,,https://lh3.googleusercontent.com/gps-proxy/ALd4DhG-0Lx_tbD4KEUlCkr3dOMmTnaxqg_sX2waiwR6KYmXb-CH0H83QwfGKs-SpVywhvZkfTVK_IKlD6thuCHtxEnlTgRVOhjsbZn5VoEkP4G2l6qhrej9to88LoxupejUxGf-Ozik6h21dGXq_MikLPXOdcX4kV78wVBJIBvpSwie7GBhZ91vuGOBMGYAiCO42m3Tuyo=w426-h240-k-no,Asia/Katmandu,,0x39eb199190998635:0x93873e6be09d25d8,ChIJNYaZkJEZ6zkR2CWd4Gs-h5M,"[{""title"":""All"",""image"":""https://lh3.googleusercontent.com/gps-proxy/ALd4DhEvQestxJ3FQDvxccKnnV5M12lxmpeUPNUMcsQ4bXjI1dAXJevyOotE94GhHRjZjbGx7UvaWidjIc3d0RZKRXzjC34X4l2725FQ_qB-p6qYTXwpBEgS7paR37ngokt6IELGSmkyh0Yf6Wv5RBx7TihNbsLvisf5qvyguPYwhawAFs7nMTPH9lf50451aMDn60wRaA=w529-h298-k-no""},{""title"":""Street View \u0026 360¬∞"",""image"":""https://streetviewpixels-pa.googleapis.com/v1/thumbnail?panoid=Er1PqJQLkn070QfZk5bLTw\u0026cb_client=maps_sv.tactile.gps\u0026w=224\u0026h=298\u0026yaw=97.71999\u0026pitch=0\u0026thumbfov=100""}]",null,null,"{""link"":"""",""source"":""""}","{""id"":""111324920821977090376"",""name"":""‡§ï‡•Å‡§Æ‡§æ‡§∞ ‡§´‡§æ‡§∞‡•ç‡§Æ‡•á‡§∏‡•Ä (Owner)"",""link"":""https://www.google.com/maps/contrib/111324920821977090376""}","{""borough"":""New Baneshwor"",""street"":""‡§≠‡§ø‡§Æ‡§∏‡•á‡§®‡§ó‡•ã‡§≤‡§æ ‡§Æ‡§æ‡§∞‡•ç‡§ó"",""city"":""Kathmandu"",""postal_code"":""44600"",""state"":"""",""country"":""NP""}",null,[],null,
737fc637-3e3f-49f2-b5f0-bb7745e4d274,https://www.google.com/maps/place/SwiftCure+Pharmacy/data=!4m7!3m6!1s0x39eb1900533bf829:0x64fcd1c3bd3a7ab6!8m2!3d27.6849275!4d85.3072192!16s%2Fg%2F11ymzvgpcg!19sChIJKfg7UwAZ6zkRtno6vcPR_GQ?authuser=0&hl=en&rclk=1,SwiftCure Pharmacy,Pharmacy,"Sanepa Chowk Kharibot, Lalitpur 44600","{""Friday"":[""7‚ÄØAM‚Äì9‚ÄØPM""],""Monday"":[""7‚ÄØAM‚Äì9‚ÄØPM""],""Saturday"":[""7‚ÄØAM‚Äì9‚ÄØPM""],""Sunday"":[""7‚ÄØAM‚Äì9‚ÄØPM""],""Thursday"":[""7‚ÄØAM‚Äì9‚ÄØPM""],""Tuesday"":[""7‚ÄØAM‚Äì9‚ÄØPM""],""Wednesday"":[""7‚ÄØAM‚Äì9‚ÄØPM""]}",{},,976-8976677,M8M4+XV Lalitpur,5,5.000000,"{""1"":0,""2"":0,""3"":0,""4"":0,""5"":5}",27.684927,85.307219,7276921736547433142,,,https://search.google.com/local/reviews?placeid=ChIJKfg7UwAZ6zkRtno6vcPR_GQ&q=SwiftCure+Pharmacy&authuser=0&hl=en&gl=NP,https://lh3.googleusercontent.com/p/AF1QipOJXxndk94zxmnzVEpbcGqexNWl7wk1cTcj2IRG=w408-h544-k-no,Asia/Katmandu,,0x39eb1900533bf829:0x64fcd1c3bd3a7ab6,ChIJKfg7UwAZ6zkRtno6vcPR_GQ,"[{""title"":""All"",""image"":""https://lh3.googleusercontent.com/p/AF1QipOJXxndk94zxmnzVEpbcGqexNWl7wk1cTcj2IRG=w224-h298-k-no""},{""title"":""By owner"",""image"":""https://lh3.googleusercontent.com/p/AF1QipOcN9Be9h6GN75p2E9f6XQGi8d2FEonw8A3j6jq=w224-h298-k-no""},{""title"":""Street View \u0026 360¬∞"",""image"":""https://streetviewpixels-pa.googleapis.com/v1/thumbnail?panoid=dHDWneQpC7Ia7wOmDBdCGw\u0026cb_client=maps_sv.tactile.gps\u0026w=224\u0026h=298\u0026yaw=269.31946\u0026pitch=0\u0026thumbfov=100""}]",null,null,"{""link"":"""",""source"":""""}","{""id"":""101404338158099564358"",""name"":""SwiftCure Pharmacy (Owner)"",""link"":""https://www.google.com/maps/contrib/101404338158099564358""}","{""borough"":""Sanepa"",""street"":""Sanepa Chowk Kharibot"",""city"":""Lalitpur"",""postal_code"":""44600"",""state"":"""",""country"":""NP""}",null,"[{""Name"":""Radheshyam Baniya"",""ProfilePicture"":""https://lh3.googleusercontent.com/a/ACg8ocIWVaHT8AIoZLsEo1O-WnlBzXIjgtd9Dakugt1JN29RhR5U6w=s120-c-rp-mo-br100"",""Rating"":5,""Description"":""Staff are very caring and supportive..They always try your best to make medicines available even by ordering when needed..Highly recommend this pharmacy"",""Images"":null,""When"":""""},{""Name"":""kawita joshi"",""ProfilePicture"":""https://lh3.googleusercontent.com/a/ACg8ocJV03KUjobryrFPuurP9_UDaIyq3I3kLuKmYh_EyDkiaCpu1Q=s120-c-rp-mo-br100"",""Rating"":5,""Description"":""They provide good service and have experienced pharmacist."",""Images"":null,""When"":""""},{""Name"":""Sanju Shahi"",""ProfilePicture"":""https://lh3.googleusercontent.com/a-/ALV-UjWpeEzg-O4tRyEi7Vl25obo-6jqg9X088VVQSJrXIiH25V_MBfLBg=s120-c-rp-mo-br100"",""Rating"":5,""Description"":"""",""Images"":null,""When"":""""},{""Name"":""Deepen Bhatta"",""ProfilePicture"":""https://lh3.googleusercontent.com/a-/ALV-UjXzjsaNlInJyymG-nZc3nlaCmIgqWFvG5yTRKS3RmIMxQPxcA1Fyg=s120-c-rp-mo-br100"",""Rating"":5,""Description"":"""",""Images"":null,""When"":""""},{""Name"":""Sunil B Pant"",""ProfilePicture"":""https://lh3.googleusercontent.com/a-/ALV-UjVUOySdkJlCiMsdicJ2U-WEfYI9xd-arxmoaStlYBavPxYnqe6F=s120-c-rp-mo-ba5-br100"",""Rating"":5,""Description"":"""",""Images"":null,""When"":""""}]",null,
737fc637-3e3f-49f2-b5f0-bb7745e4d274,https://www.google.com/maps/place/Sukhad+Pharmacy/data=!4m7!3m6!1s0x39eb19943fc52daf:0xe4e9c742c24d1500!8m2!3d27.6871436!4d85.3380418!16s%2Fg%2F11b6glg5n9!19sChIJry3FP5QZ6zkRABVNwkLH6eQ?authuser=0&hl=en&rclk=1,Sukhad Pharmacy,Pharmacy,"M8PQ+V63 Sukhad Pharmacy, ‡§Æ‡§ø‡§®‡§≠‡§µ‡§® ‡§Æ‡§æ‡§∞‡•ç‡§ó, Kathmandu 44600","{""Friday"":[""6‚ÄØAM‚Äì10‚ÄØPM""],""Monday"":[""6‚ÄØAM‚Äì10‚ÄØPM""],""Saturday"":[""6‚ÄØAM‚Äì10‚ÄØPM""],""Sunday"":[""6‚ÄØAM‚Äì10‚ÄØPM""],""Thursday"":[""6‚ÄØAM‚Äì10‚ÄØPM""],""Tuesday"":[""6‚ÄØAM‚Äì10‚ÄØPM""],""Wednesday"":[""6‚ÄØAM‚Äì10‚ÄØPM""]}","{""Friday"":{""10"":69,""11"":38,""12"":46,""13"":38,""14"":61,""15"":100,""16"":76,""17"":69,""18"":38,""19"":30,""20"":30,""21"":69,""22"":0,""5"":0,""6"":61,""7"":61,""8"":69,""9"":69},""Monday"":{""10"":38,""11"":30,""12"":15,""13"":15,""14"":15,""15"":15,""16"":46,""17"":30,""18"":15,""19"":15,""20"":30,""21"":69,""22"":0,""5"":0,""6"":46,""7"":69,""8"":46,""9"":53},""Saturday"":{""10"":69,""11"":92,""12"":69,""13"":53,""14"":15,""15"":7,""16"":15,""17"":38,""18"":53,""19"":69,""20"":100,""21"":92,""22"":0,""5"":0,""6"":30,""7"":23,""8"":38,""9"":61},""Sunday"":{""10"":15,""11"":0,""12"":0,""13"":15,""14"":15,""15"":15,""16"":23,""17"":38,""18"":46,""19"":46,""20"":38,""21"":61,""22"":0,""5"":0,""6"":15,""7"":15,""8"":15,""9"":15},""Thursday"":{""10"":61,""11"":30,""12"":23,""13"":38,""14"":30,""15"":30,""16"":46,""17"":38,""18"":46,""19"":53,""20"":46,""21"":23,""22"":0,""5"":0,""6"":61,""7"":46,""8"":53,""9"":53},""Tuesday"":{""10"":15,""11"":30,""12"":61,""13"":61,""14"":61,""15"":46,""16"":46,""17"":38,""18"":38,""19"":23,""20"":23,""21"":38,""22"":0,""5"":0,""6"":23,""7"":38,""8"":38,""9"":23},""Wednesday"":{""10"":23,""11"":46,""12"":53,""13"":61,""14"":46,""15"":61,""16"":53,""17"":61,""18"":46,""19"":30,""20"":30,""21"":30,""22"":0,""5"":0,""6"":46,""7"":30,""8"":15,""9"":15}}",,01-4107035,,1,1.000000,"{""1"":1,""2"":0,""3"":0,""4"":0,""5"":0}",27.687144,85.338042,16494934199762752768,,,https://search.google.com/local/reviews?placeid=ChIJry3FP5QZ6zkRABVNwkLH6eQ&q=Sukhad+Pharmacy&authuser=0&hl=en&gl=NP,https://lh3.googleusercontent.com/gps-proxy/ALd4DhGMDQ9idag_C5uvWp83Zsilw9I1E--wkyRhmd_snjkyfNCrsSgXTMEWWd-I6gb9ankqz1ANRAaKQFBILzlIcNtmVgb0jDvACD3tnaW2kWUeQA6tQS1nERiMUjRazTi6BClpg6RABdW-qSyJxaePP7ndR4Uiid1powF35lDNd80whtiZk2BGyUowoIgxG0GxG62ztB8=w426-h240-k-no,Asia/Katmandu,,0x39eb19943fc52daf:0xe4e9c742c24d1500,ChIJry3FP5QZ6zkRABVNwkLH6eQ,"[{""title"":""All"",""image"":""https://lh3.googleusercontent.com/gps-proxy/ALd4DhGfDJlRXwsHF-HIk7ajV97fu6OwBa9dYG-bAkN4GfjT3PsRiCV-O4XR6yDzL6oE4a0ErSZHvR0HrCibL3kicOaEPYDwieXLAXaGCKApZhF5IXQWmLiQOcH2hikLUPQzefEzxDCQi58BrFfTR1KZOt9irygSwiVYi_x8onGCvgQ_-lMyLdRfDNXPKbL5eJU_hxUPiRA=w529-h298-k-no""},{""title"":""Street View \u0026 360¬∞"",""image"":""https://streetviewpixels-pa.googleapis.com/v1/thumbnail?panoid=8JhLYR7kqQdeC830NziG4A\u0026cb_client=maps_sv.tactile.gps\u0026w=224\u0026h=298\u0026yaw=275.47556\u0026pitch=0\u0026thumbfov=100""}]",null,null,"{""link"":"""",""source"":""""}","{""id"":"""",""name"":""Sukhad Pharmacy (Owner)"",""link"":""""}","{""borough"":""Shankhamul"",""street"":""M8PQ+V63, ‡§Æ‡§ø‡§®‡§≠‡§µ‡§® ‡§Æ‡§æ‡§∞‡•ç‡§ó"",""city"":""Kathmandu"",""postal_code"":""44600"",""state"":"""",""country"":""NP""}",null,"[{""Name"":""Suchad Bag"",""ProfilePicture"":""https://lh3.googleusercontent.com/a/ACg8ocJhwkKx6MvBd6XM5b1_4SHUawF5LfIScxKJgAfpWxkVAx2dCKE=s120-c-rp-mo-br100"",""Rating"":1,""Description"":""ùïäùï¶ùïîùïíùïï ùîπùïíùïòùïäùï¶ùïîùïíùïï ùîπùïíùïò"",""Images"":null,""When"":""""}]",null,
